temperature,humidity,production_load,consumption
30,68,63,467
32,83,50,542
35,46,68,301
28,54,94,755
26,49,53,349
39,50,67,725
31,82,73,863
25,88,79,572
25,85,67,938
38,66,74,323
25,55,89,921
36,69,95,501
40,87,64,893
32,64,64,657
36,51,50,384
35,61,72,579
33,78,80,732
26,57,52,628
36,59,81,713
25,63,54,693
37,69,53,388
33,71,79,430
29,45,93,667
28,89,81,370
31,86,77,749
38,84,92,961
30,45,72,889
41,47,82,546
29,65,96,909
26,80,57,964
39,57,52,640
26,60,88,627
25,85,96,992
29,60,58,723
34,82,66,982
43,69,86,557
36,76,71,974
35,61,88,340
33,61,84,919
28,64,58,893
33,72,88,452
41,58,76,672
32,68,90,501
43,52,89,883
28,64,85,845
44,76,79,868
41,69,79,501
40,87,86,656
31,47,78,746
41,65,79,307
42,85,94,985
26,80,89,859
35,52,55,772
42,46,86,595
43,87,79,753
42,75,89,456
35,43,58,715
41,54,92,851
36,72,86,311
42,56,59,697
36,87,85,644
42,59,59,939
39,67,97,706
36,57,87,371
43,57,50,363
38,52,93,495
34,49,59,693
27,45,50,607
42,83,71,403
44,65,52,827
31,84,90,839
37,73,50,722
44,52,66,924
25,85,98,745
36,85,82,829
33,61,59,323
28,89,51,679
39,71,71,390
38,41,83,912
32,63,74,312
25,52,54,355
31,77,74,730
29,76,61,934
41,53,64,331
25,84,58,603
35,87,87,907
35,73,89,805
38,61,53,505
25,61,77,530
28,82,93,872
34,75,78,808
43,81,50,586
26,75,88,641
44,86,81,639
26,66,85,611
31,86,81,698
25,47,71,665
42,46,84,929
44,47,81,467
28,69,69,729
35,73,77,804
31,56,67,861
40,56,86,947
32,51,94,413
44,42,64,312
32,50,53,360
44,40,57,824
27,70,85,911
30,73,95,825
32,76,88,906
38,74,85,617
34,83,95,791
41,44,74,710
39,67,98,565
39,67,59,566
37,59,95,879
36,64,83,795
26,59,68,898
27,59,52,799
31,46,58,348
35,40,58,953
28,87,77,959
44,58,87,453
27,69,67,486
29,79,81,434
38,56,96,481
29,70,50,373
41,88,70,478
38,45,63,906
40,47,98,709
26,68,52,722
32,46,67,452
29,56,59,627
29,77,51,442
42,40,53,797
27,66,86,783
34,87,71,549
26,40,77,399
31,42,85,455
42,53,90,334
39,47,53,739
30,43,83,666
32,43,52,305
26,89,76,580
31,73,94,495
33,50,67,500
39,78,98,535
39,68,94,762
42,75,79,856
42,65,84,861
41,40,61,931
25,63,99,610
42,72,83,912
40,55,93,399
40,55,98,719
32,48,72,407
26,69,63,692
38,43,90,734
32,77,59,775
29,59,65,421
28,71,59,633
41,46,94,660
40,84,62,980
42,59,88,361
41,48,72,457
39,43,69,963
30,42,80,809
35,69,77,882
40,53,80,967
40,48,87,596
32,69,82,507
31,47,53,646
25,66,73,864
36,68,95,743
38,72,83,978
35,57,68,756
43,46,87,774
32,53,56,694
40,54,94,695
33,78,75,865
35,87,93,448
33,52,50,561
25,43,52,890
38,58,89,834
36,79,62,911
27,45,80,746
28,68,55,859
35,88,60,403
31,69,59,972
27,45,73,549
31,52,72,367
32,48,66,486
36,53,50,752
32,75,64,606
28,83,68,336
25,55,52,419
35,84,78,772
43,60,53,686
26,47,74,709
41,40,66,550
25,68,83,357
37,48,65,458
29,73,62,926
30,72,68,331
34,87,82,651
29,78,71,760
43,58,65,971
37,53,64,777
38,78,66,960
30,81,90,706
41,86,89,892
29,61,57,566
38,54,65,981
34,60,91,614
39,79,57,498
39,65,55,904
39,65,87,809
31,63,95,717
37,76,86,965
36,80,99,619
44,55,60,642
38,79,77,981
32,77,74,838
39,58,83,727
37,51,71,692
35,87,60,725
39,86,75,341
25,83,66,689
41,68,60,679
31,44,97,755
30,88,63,681
26,65,93,591
33,49,62,386
25,53,74,629
31,67,86,873
35,56,83,460
39,82,92,518
39,57,69,307
26,50,68,674
40,81,98,486
32,52,82,854
27,64,98,663
28,55,95,326
39,46,50,510
39,67,52,941
39,68,54,629
32,55,90,444
38,70,89,885
39,88,81,913
27,84,52,895
28,77,83,626
25,58,59,833
40,47,60,404
34,46,66,405
40,64,62,365
26,55,86,678
33,68,63,467
32,74,69,493
39,42,55,939
30,42,80,744
29,63,51,636
28,45,95,552
36,54,82,917
41,74,57,852
35,55,76,353
27,81,56,715
40,43,92,453
29,64,86,369
42,53,82,424
31,73,66,914
30,78,80,358
26,84,65,585
25,67,91,958
37,80,57,610
35,69,76,653
29,50,85,682
27,76,97,569
33,56,72,512
43,78,66,703
27,84,66,649
25,72,95,642
34,76,88,791
34,87,93,982
34,76,59,334
26,63,84,316
40,58,85,358
34,85,52,414
28,60,96,798
39,51,54,880
34,80,75,467
39,63,65,579
35,56,89,423
40,48,79,598
34,77,76,638
39,65,57,726
44,45,69,765
38,44,93,322
36,76,89,575
43,63,51,899
32,43,50,816
31,55,95,336
41,43,83,639
43,69,62,779
28,79,56,434
42,88,75,482
39,68,79,842
35,73,99,532
34,61,63,395
36,49,58,314
38,47,99,451
32,88,67,577
36,45,61,980
27,43,85,400
28,60,59,553
25,43,50,816
40,54,86,666
27,63,51,677
26,89,51,722
29,77,51,650
41,67,94,376
28,75,56,343
41,51,89,349
41,88,68,377
37,65,79,472
37,66,78,736
42,53,91,927
27,84,64,490
43,43,67,333
31,74,70,857
44,43,97,848
40,55,60,643
40,86,67,539
39,62,86,654
43,84,52,331
34,81,92,929
41,72,72,661
40,45,77,446
33,69,78,763
42,75,93,594
28,84,85,508
25,55,67,645
44,89,85,726
42,52,55,382
43,71,60,844
38,82,93,572
38,48,53,481
33,57,64,580
26,75,93,480
35,55,78,561
44,48,80,740
31,66,84,385
31,57,74,351
43,80,59,359
30,52,62,759
30,71,51,863
32,86,90,389
34,70,65,910
43,47,95,935
38,88,60,807
38,65,65,330
31,49,53,927
42,68,84,581
26,60,62,754
32,73,89,722
32,62,77,859
27,51,70,642
37,46,91,488
25,60,77,326
28,79,56,315
44,63,57,830
30,81,91,948
36,81,75,387
36,44,87,800
38,46,75,965
37,53,75,677
37,46,52,382
37,54,82,561
34,86,86,665
34,79,76,327
41,51,73,935
36,49,70,390
34,80,82,898
44,55,56,780
30,85,53,854
38,56,85,565
34,77,71,858
26,46,71,398
29,47,54,387
40,76,87,803
35,89,64,616
42,89,80,783
38,49,59,736
35,64,61,856
31,58,85,989
40,74,99,486
34,65,81,627
33,43,72,386
44,64,74,680
25,57,72,334
43,45,68,536
42,43,60,727
44,47,55,683
28,66,77,641
39,72,85,609
29,70,63,462
43,49,75,512
33,85,96,834
32,67,56,790
25,40,93,871
25,88,70,551
32,75,59,563
30,58,59,899
40,87,86,355
40,43,66,467
36,52,78,590
30,68,54,868
40,85,96,827
35,75,89,645
42,59,76,948
33,82,95,969
34,88,67,594
26,73,59,896
38,46,74,660
33,82,69,658
42,66,77,452
40,69,67,862
35,69,84,583
36,59,68,310
27,45,70,819
37,72,66,340
30,62,96,814
30,46,92,589
40,45,97,560
30,58,53,706
30,63,79,638
31,47,75,711
36,70,65,451
43,68,58,999
28,44,69,795
38,89,85,891
26,48,86,467
32,43,70,326
38,52,78,407
31,57,68,575
42,48,60,434
38,40,65,653
36,57,68,416
38,49,62,785
25,86,88,759
32,61,50,592
34,54,85,985
41,87,99,681
27,53,87,423
27,52,97,938
41,85,87,711
40,78,96,933
31,79,96,616
34,83,94,790
30,59,74,733
30,43,82,417
41,73,73,935
43,53,73,877
31,81,98,825
32,74,81,597
30,79,67,775
26,88,50,882
32,40,65,789
28,78,75,415
29,49,88,826
43,45,75,907
35,41,53,916
39,60,76,948
42,62,54,477
25,84,88,804
31,68,78,962
44,74,78,826
34,48,55,832
34,77,54,862
43,78,87,466
35,50,51,984
34,73,64,529
34,53,92,735
29,47,87,681
26,86,99,733
25,80,54,710
44,65,91,726
35,74,54,512
39,85,57,422
42,61,84,550
36,87,55,536
29,40,53,973
36,57,60,762
30,60,66,427
25,73,77,483
43,42,63,455
40,42,55,410
33,61,93,744
39,71,94,914
33,87,57,858
26,76,95,783
26,89,92,845
29,61,62,418
32,57,57,807
34,43,86,383
31,85,83,319
27,78,98,625
26,74,94,834
32,87,96,831
31,53,53,591
29,43,58,926
35,63,74,737
33,80,78,710
25,59,72,855
34,65,71,912
34,56,85,510
39,66,70,424
38,82,52,687
32,81,70,348
35,69,61,960
35,73,80,375
32,57,90,845
36,66,95,982
37,48,64,453
25,59,73,774
41,57,70,628
42,43,73,345
27,54,72,931
39,44,97,663
41,83,63,883
30,76,93,772
36,70,87,913
42,48,70,403
30,68,80,828
44,78,69,423
42,82,81,782
32,70,68,918
30,81,77,464
28,63,58,554
31,56,52,513
35,76,53,947
39,74,58,657
29,42,61,390
31,51,58,435
37,63,59,573
27,45,65,607
43,84,97,838
29,46,71,588
34,68,96,574
25,82,94,498
42,46,67,315
33,53,54,698
28,82,80,970
29,43,95,981
26,85,59,740
37,83,63,604
30,54,67,946
30,69,74,990
27,43,94,430
33,85,91,510
26,73,99,369
36,53,97,686
38,60,69,534
38,52,82,733
28,54,56,956
36,84,96,350
30,46,72,749
30,44,53,489
31,81,87,332
31,89,73,460
27,43,62,952
40,75,84,881
41,75,56,426
36,59,55,487
42,81,83,942
26,41,75,946
28,78,66,380
36,87,50,663
35,74,98,580
42,42,58,453
32,45,99,324
27,77,76,575
34,66,68,739
33,45,77,919
34,85,87,823
44,42,72,549
27,42,69,611
34,44,71,705
38,66,66,783
34,42,99,300
31,53,75,383
34,89,54,596
35,75,52,683
37,48,55,921
32,73,58,464
42,57,82,782
41,80,91,883
33,76,74,503
44,66,76,432
25,88,86,935
28,56,56,361
33,63,93,797
38,84,68,743
44,66,80,343
41,78,87,551
28,54,89,407
31,73,53,526
27,86,69,647
39,74,64,728
39,78,80,554
44,69,82,900
26,60,83,794
28,55,99,762
27,60,77,607
32,77,53,653
30,42,95,427
35,86,89,860
35,68,86,908
39,43,78,476
30,70,57,892
41,66,82,714
30,74,85,486
44,41,95,505
44,50,91,899
33,89,71,690
41,55,76,976
37,44,78,623
35,45,66,972
43,67,53,790
42,69,66,500
34,47,82,307
37,40,84,404
26,87,96,789
31,58,53,761
44,87,75,688
26,81,76,450
25,80,75,360
25,85,55,359
26,58,88,751
28,82,85,312
25,89,95,812
29,80,59,890
44,66,57,400
30,81,84,761
29,73,71,623
26,58,98,621
36,55,81,343
30,80,50,813
44,56,73,952
35,58,81,469
41,77,99,331
30,57,65,774
35,49,64,847
43,77,58,612
34,62,70,923
44,43,89,388
28,48,92,320
34,52,66,397
36,75,88,902
34,81,50,616
36,70,88,756
44,71,78,898
35,88,70,606
38,58,84,389
44,83,82,548
42,51,63,844
32,74,99,371
31,52,65,903
27,69,78,503
35,57,81,803
35,56,78,786
32,72,75,561
43,89,95,950
41,47,86,684
43,55,71,595
31,83,60,494
44,43,84,454
32,66,97,606
40,50,52,695
39,53,66,579
25,45,69,642
26,79,94,471
33,47,53,789
37,57,83,908
33,89,90,496
35,78,68,708
33,72,59,610
29,40,64,932
31,78,55,764
38,72,58,712
40,70,93,684
27,56,57,323
32,62,97,432
38,68,60,908
41,84,59,764
35,77,82,686
28,44,56,527
36,70,62,737
30,58,84,346
28,62,73,886
27,60,50,988
38,55,58,797
34,79,70,741
40,73,90,772
33,57,91,735
35,73,65,442
29,75,79,584
40,78,87,807
31,55,62,697
30,59,99,880
42,86,94,580
42,89,56,966
41,44,77,831
30,70,80,694
27,60,86,698
43,63,70,869
42,60,91,583
34,60,65,989
35,48,61,739
44,57,78,944
25,67,94,881
29,55,57,606
32,59,98,658
40,65,54,355
39,54,91,354
26,52,92,907
26,87,85,895
30,46,97,893
34,79,79,402
33,60,72,588
30,64,78,698
31,81,79,656
41,70,96,503
35,43,72,844
34,41,62,758
29,53,99,982
28,58,80,662
29,57,77,962
42,44,50,432
42,45,99,598
33,53,96,565
30,78,81,580
33,74,96,934
37,75,72,790
30,65,96,873
42,52,77,686
36,84,95,806
26,88,88,513
26,52,61,741
30,86,82,413
34,52,64,579
28,50,92,403
33,58,58,569
25,47,92,736
44,73,57,753
33,84,50,954
32,76,58,596
42,65,82,657
33,49,68,897
34,79,87,485
41,84,90,806
42,41,52,363
32,83,88,685
32,59,86,375
39,42,87,339
35,75,88,932
31,85,62,767
27,80,79,528
30,53,53,881
28,57,51,606
31,83,71,339
42,72,88,384
28,76,69,404
39,80,73,737
43,73,90,446
33,82,95,593
43,57,73,407
32,45,51,763
35,80,73,705
32,60,86,433
27,82,76,692
41,67,73,815
43,72,75,778
34,89,89,845
39,76,88,808
44,56,94,889
35,89,90,904
40,84,92,923
42,62,79,668
28,49,59,406
31,72,60,848
37,89,76,835
27,42,77,682
44,42,51,500
37,55,75,702
36,82,64,415
38,64,91,543
32,48,56,353
34,56,57,595
26,59,91,822
29,60,97,454
28,46,51,825
30,67,90,961
35,42,98,883
37,45,81,527
25,50,62,879
43,73,99,536
33,84,72,580
25,70,75,714
25,78,99,633
35,79,73,534
44,80,62,956
36,79,82,686
26,66,98,703
41,68,95,381
42,68,86,619
25,81,81,482
35,85,65,315
39,68,66,517
33,44,97,562
38,62,99,718
29,64,52,885
36,62,60,921
28,77,87,305
36,58,76,470
44,75,83,343
33,42,57,607
35,41,88,885
28,86,86,396
26,72,83,524
29,89,61,989
35,84,78,425
40,80,99,443
29,44,93,441
43,65,59,382
35,60,79,768
29,53,84,492
44,59,74,745
43,47,87,762
37,82,73,435
32,40,97,850
29,44,94,673
29,89,72,417
44,79,52,640
33,47,93,514
27,65,75,592
43,76,58,962
40,73,73,594
41,83,88,910
35,76,99,438
44,60,81,568
25,44,59,358
38,55,94,856
41,87,90,811
38,74,84,374
38,80,72,386
43,42,67,885
40,74,96,847
39,89,55,641
33,61,96,353
27,42,83,768
33,62,57,976
28,43,77,422
32,67,72,377
42,44,97,615
39,72,54,819
41,79,86,998
38,70,75,471
34,68,61,548
35,77,67,870
34,57,97,846
30,41,62,908
29,73,76,870
38,74,78,604
28,63,70,701
35,40,87,662
26,52,83,857
43,72,59,477
37,85,50,656
26,51,73,473
41,45,79,779
30,63,58,536
27,50,92,914
31,52,97,371
42,85,75,696
40,58,82,666
41,86,67,350
28,71,66,316
25,67,88,495
34,71,52,898
36,51,52,684
34,77,68,433
44,61,60,797
42,43,87,912
25,84,50,606
44,80,81,873
26,51,70,306
33,69,88,679
43,50,99,859
29,55,89,437
38,45,83,407
39,73,66,582
35,52,60,306
30,70,92,620
43,47,97,810
36,56,51,468
42,89,90,420
30,58,93,853
42,51,67,480
34,50,58,622
37,74,88,737
26,80,62,946
39,81,93,402
43,44,68,743
31,54,74,643
41,83,80,947
37,48,77,920
44,44,98,301
30,50,95,555
38,78,98,598
37,88,99,346
41,59,92,523
39,74,92,865
29,66,64,734
34,64,64,957
25,43,96,978
34,81,95,499
30,42,77,408
31,87,62,324
31,43,77,417
39,41,56,905
38,67,74,323
39,59,54,821
37,66,50,535
34,81,75,372
38,64,51,891
33,72,75,942
35,46,61,581
28,46,50,916
31,50,58,421
25,80,77,793
40,59,60,564
37,89,80,388
40,58,61,648
27,48,74,862
25,51,71,393
37,87,68,980
34,58,52,780
43,78,74,336
35,83,62,853
37,61,76,999
34,54,61,371
34,47,77,780
27,84,59,306
41,54,77,536
30,71,79,481
40,47,55,485
42,75,62,997
42,40,54,493
38,56,57,797
30,69,91,555
32,89,78,424
39,63,53,826
42,46,71,922
43,44,51,573
41,47,79,478
40,77,88,751
34,76,56,824
31,80,65,439
28,57,65,945
25,43,84,680
29,45,57,487
25,59,62,368
42,89,97,709
44,75,64,552
29,48,51,437
26,49,83,978
40,83,86,515
31,43,91,829
33,71,52,931
31,48,81,939
33,71,77,717
39,56,73,956
43,67,84,442
32,87,64,819
44,70,97,453
40,70,86,891
30,87,86,326
40,87,66,710
35,66,56,671
26,82,67,813
29,85,52,930
36,87,64,555
32,59,57,654
36,76,79,716
25,44,88,724
41,87,67,302
30,54,59,568
42,81,74,848
35,65,89,726
29,78,71,464
37,48,93,315
29,67,90,458
28,82,56,665
39,70,59,359
35,69,79,789
35,50,56,378
27,56,69,774
43,82,85,737
40,83,51,346
26,77,94,501
34,87,90,435
32,44,57,796
44,77,75,810
29,45,53,713
43,80,82,356
41,45,87,974
25,68,53,417
40,88,83,527
30,55,55,694
36,84,72,454
29,59,94,500
31,71,94,639
25,58,88,333
39,43,92,655
40,89,71,430
32,40,95,811
27,51,78,846
38,43,96,565
32,89,84,903
26,55,93,357
26,68,96,567
30,88,85,431
30,61,57,588
34,69,70,300
31,60,56,379
34,51,95,862
43,58,96,636
41,59,87,323
25,74,62,906
42,69,53,948
26,79,51,470
35,76,96,954
43,57,53,893
32,52,71,440
25,76,60,598
41,71,87,411
32,48,81,958
30,56,93,811
31,43,68,907
37,71,53,773
42,83,77,341
32,55,91,514
43,63,55,678
34,49,99,638
39,49,60,421
34,85,98,552
40,69,70,669
40,63,55,466
26,75,74,670
41,55,91,446
42,72,90,725
40,69,85,978
31,84,67,757
35,89,85,762
30,86,52,947
30,42,78,917
42,83,73,575
26,41,77,873
34,41,63,446
30,73,60,495
41,84,91,586
31,59,59,712
26,83,83,891
37,72,87,877
42,50,95,684
32,87,84,897
33,45,51,456
41,62,95,983
28,58,78,810
36,47,99,474
31,53,54,507
33,57,71,491
33,83,85,567
26,64,83,963
44,66,72,320
32,45,60,335
36,85,89,427
28,57,62,552
38,82,75,860
36,67,85,776
38,64,91,822
39,77,54,968
41,84,50,550
43,51,56,786
31,65,76,940
35,60,72,409
31,77,77,608
36,81,67,633
39,76,80,652
40,48,99,730
25,58,83,511
28,41,56,797
27,57,51,632
26,89,53,756
38,56,78,707
40,70,98,710
36,55,65,825
31,42,72,369
30,60,67,713
33,58,74,568
26,62,73,444
29,72,95,344
38,57,88,960
40,51,94,759
41,48,63,669
44,54,71,857
27,63,59,843
43,87,66,707
44,63,82,728
29,53,71,754
27,69,73,719
30,79,90,432
41,89,66,614
35,64,91,973
41,59,75,459
38,80,58,520
32,48,92,419
43,70,74,561
25,72,83,827
36,74,90,569
43,68,96,955
39,47,81,476
36,49,81,629
43,56,74,673
35,45,96,594
26,68,81,352
39,72,89,908
28,86,70,765
35,49,93,751
25,66,72,422
37,42,76,855
36,64,84,343
31,88,50,724
32,63,79,888
35,47,86,335
44,60,50,629
33,41,74,429
34,46,70,948
36,75,69,739
30,44,72,408
42,61,96,322
34,46,80,374
42,83,94,505
29,58,98,304
36,43,66,893
33,89,82,532
39,82,66,300
31,48,98,388
37,54,92,575
39,88,83,304
38,59,89,362
36,41,80,375
39,52,97,509
40,62,96,565
31,75,57,386
33,83,92,593
44,70,52,739
34,60,63,415
44,87,98,698
27,56,72,885
30,68,97,832
40,88,90,917
26,74,85,702
36,55,69,762
28,84,64,341
27,49,63,930
25,69,60,723
42,52,67,573
32,89,71,387
27,52,95,533
34,86,86,443
34,69,57,661
33,68,52,767
44,59,91,935
40,78,89,964
41,74,98,885
33,86,96,357
37,63,94,913
25,82,98,353
26,88,69,437
27,45,57,359
26,42,81,764
29,66,72,587
26,71,90,412
42,89,65,812
30,68,99,896
28,81,78,334
37,44,83,948
26,74,51,574
25,65,75,942
31,56,83,696
26,52,55,903
32,61,76,422
29,74,76,897
35,44,94,980
30,82,59,456
42,69,69,989
35,69,87,419
37,53,80,914
35,71,81,774
34,84,74,754
28,70,58,333
40,56,98,971
32,78,73,667
30,86,92,903
29,53,84,630
41,79,56,771
26,88,74,696
27,54,72,702
34,44,89,560
39,82,59,615
30,76,90,330
32,65,53,641
31,53,66,718
30,84,90,894
30,64,62,625
26,85,79,985
35,80,90,309
27,53,68,556
30,88,75,770
29,55,72,892
44,66,92,746
44,77,93,615
35,85,86,787
30,51,84,842
28,79,50,484
27,61,77,837
26,61,51,941
41,64,58,787
27,56,50,405
35,85,52,846
33,55,66,498
27,78,88,517
32,55,66,534
36,44,53,610
29,47,90,436
31,86,92,321
28,78,77,913
39,57,53,960
25,84,67,584
42,60,84,486
33,42,53,396
41,44,52,623
34,49,54,981
30,53,69,531
38,76,89,427
36,42,60,737
34,59,98,408
29,44,70,979
31,77,77,988
34,57,57,606
26,68,93,513
38,69,51,842
31,61,61,569
27,65,97,365
44,42,99,575
37,52,70,791
29,68,69,636
34,51,84,435
39,48,54,420
36,82,62,430
28,79,59,498
38,61,81,465
34,50,54,325
36,51,50,543
40,76,59,675
41,59,85,988
29,61,98,731
41,58,72,584
30,76,60,315
35,58,53,382
29,81,67,981
39,79,77,712
40,46,97,566
39,64,57,890
35,75,56,445
30,79,63,520
26,46,91,895
26,48,89,319
42,67,50,572
34,45,68,404
31,58,81,388
35,52,66,847
43,72,96,380
33,75,95,860
41,51,66,807
26,78,91,443
30,49,57,858
40,70,99,832
35,63,81,963
38,85,69,799
29,76,79,485
25,80,58,909
35,63,50,348
35,47,86,706
32,78,98,871
34,84,81,783
38,40,72,930
39,83,51,465
43,53,91,516
37,46,71,581
29,78,81,433
30,48,94,503
38,89,73,471
34,74,52,497
30,77,67,566
30,54,82,739
41,74,70,633
37,73,73,702
33,71,57,605
34,42,76,411
26,48,65,691
40,48,53,901
30,59,76,798
38,52,74,629
36,89,52,827
40,51,72,329
28,84,56,412
37,41,57,401
35,67,82,896
28,84,57,399
42,54,50,979
34,46,67,381
44,72,78,546
27,89,87,846
40,83,86,849
38,89,67,858
29,59,53,441
33,85,72,495
27,86,89,737
25,42,66,489
29,86,79,538
26,40,83,681
43,44,70,945
28,56,65,526
30,56,56,961
26,80,67,361
34,64,54,908
26,75,97,695
29,52,89,530
31,55,61,998
43,43,79,708
40,75,50,848
25,41,92,598
43,60,71,491
39,77,51,419
34,57,53,731
35,78,56,976
35,60,93,782
34,76,64,369
39,76,70,408
36,71,57,443
32,61,76,754
43,40,77,926
31,47,90,303
44,73,89,643
27,86,88,339
38,46,87,738
25,85,93,492
33,75,74,908
26,75,81,837
29,59,61,566
30,43,83,875
34,65,73,648
35,58,93,896
40,63,65,802
25,46,50,522
33,49,54,802
25,79,63,509
44,56,64,970
31,72,67,522
25,73,83,631
38,79,93,746
38,42,77,758
40,72,86,695
40,47,60,830
29,63,68,849
40,63,89,494
40,60,77,844
26,68,83,875
44,57,84,921
28,83,75,320
36,83,52,688
33,44,64,465
43,64,95,914
40,41,59,924
25,50,65,362
42,87,98,808
27,47,61,603
28,70,82,993
41,51,87,779
28,68,68,852
44,87,80,802
43,85,54,686
29,67,93,512
35,43,60,384
29,74,83,516
31,56,83,587
42,64,87,776
42,45,71,632
26,43,58,802
29,53,96,767
28,45,89,705
28,48,72,766
29,52,65,603
28,61,98,943
34,43,53,394
44,65,97,778
28,53,97,544
28,48,58,829
25,87,75,876
32,65,74,720
42,76,77,789
37,59,78,938
44,62,52,718
31,53,61,806
44,51,96,783
36,70,65,762
34,80,72,604
40,80,58,820
33,59,72,840
32,86,61,753
27,78,66,976
30,78,58,385
41,65,69,556
38,40,95,318
39,61,79,586
26,55,81,436
31,64,76,302
42,71,93,941
30,75,99,840
43,78,58,951
38,80,76,811
38,80,75,907
29,84,95,853
25,56,90,326
36,71,92,604
44,68,54,799
28,55,82,853
36,79,96,817
39,46,88,665
38,68,72,496
29,80,54,389
35,59,50,726
37,40,96,379
29,77,73,869
40,61,71,790
26,58,60,884
36,56,71,543
25,56,88,646
38,76,88,318
34,51,65,311
41,55,95,547
30,49,58,562
25,70,52,533
36,83,89,985
32,64,69,932
35,77,59,610
27,85,75,328
34,45,89,438
43,52,76,602
44,54,52,739
27,76,92,950
39,59,81,710
40,51,86,927
35,62,84,371
44,50,50,867
37,53,59,720
37,71,56,837
38,84,88,855
31,59,83,789
44,85,84,363
42,44,70,623
26,58,82,970
44,79,51,917
34,85,64,529
32,82,56,437
39,48,55,864
43,82,50,494
42,77,58,886
35,52,57,541
32,44,62,313
43,80,62,903
25,69,75,746
36,56,72,622
31,55,73,666
28,46,57,752
26,52,57,685
44,48,90,918
36,42,87,610
41,60,88,465
33,58,94,841
42,48,78,356
41,65,74,861
44,60,81,953
42,42,56,660
28,62,78,486
35,48,89,322
36,87,83,680
39,49,81,340
30,44,85,890
36,64,66,594
42,68,99,374
38,74,83,746
31,42,99,459
26,53,94,780
33,47,59,813
35,42,62,593
38,82,50,575
30,44,98,335
28,65,91,612
41,59,91,416
39,50,67,975
40,76,64,805
29,50,86,714
44,53,94,547
39,73,72,485
39,88,78,414
37,55,78,685
41,76,86,397
30,65,94,413
35,89,92,659
32,85,83,803
31,51,91,334
29,78,56,441
25,49,56,551
26,74,67,651
38,83,51,331
40,71,93,379
29,73,75,586
30,56,91,698
42,64,74,431
44,72,68,705
26,45,68,509
25,59,69,448
26,82,76,564
36,62,65,786
40,85,77,964
25,42,96,806
36,67,72,981
41,56,71,423
36,61,60,351
33,60,81,583
35,59,86,668
29,57,58,539
30,40,66,387
30,58,50,943
29,71,71,383
31,49,99,459
39,88,74,405
40,48,58,618
39,47,69,605
41,73,58,367
33,73,84,309
34,85,50,341
38,68,62,310
44,65,89,894
35,66,87,774
35,89,74,876
33,66,77,752
32,49,55,900
39,62,64,906
31,61,64,981
25,84,87,358
35,57,65,803
29,44,50,623
31,74,63,386
34,46,68,629
38,58,66,988
29,83,81,809
34,43,62,727
38,58,82,917
31,69,83,417
34,77,76,925
29,42,80,613
29,51,88,562
26,49,89,986
35,72,60,525
31,53,60,344
28,40,77,725
31,46,75,461
39,60,98,952
25,59,50,683
28,80,87,309
44,51,67,963
36,69,59,799
28,53,67,575
32,47,78,722
38,58,93,633
34,77,88,399
31,55,92,772
34,61,65,734
37,43,80,439
30,83,78,377
35,81,74,557
30,49,59,927
36,84,88,776
33,58,86,620
40,57,51,809
43,46,89,837
43,55,50,771
38,62,97,400
30,66,78,789
39,88,75,301
32,83,76,708
26,41,61,352
37,77,54,786
35,47,98,703
27,54,66,420
43,61,92,744
44,68,94,499
39,85,53,366
28,59,61,687
35,75,67,775
29,75,80,573
43,85,83,447
40,84,71,902
39,69,95,465
44,57,88,799
40,76,85,478
30,56,96,661
38,76,71,906
35,55,98,455
36,57,88,699
36,42,94,829
43,78,93,776
32,75,70,816
38,51,65,311
36,52,86,989
32,69,66,789
27,87,69,851
39,73,89,790
41,67,56,303
43,69,89,461
44,74,69,848
25,73,89,805
40,66,63,570
38,70,89,739
44,80,82,820
38,81,62,353
36,50,86,328
27,67,87,838
40,45,54,690
28,85,71,765
39,75,51,994
40,66,79,674
32,86,87,716
44,43,54,416
31,81,91,531
29,80,66,699
25,64,66,666
25,42,73,686
32,46,96,430
44,40,85,390
43,80,83,804
29,52,96,375
33,67,84,654
39,68,69,416
28,73,72,992
34,68,74,791
26,40,65,713
32,77,95,691
39,66,80,697
36,48,88,424
43,79,89,902
35,70,87,515
33,66,73,780
30,65,54,348
44,79,94,425
43,57,96,476
40,54,57,913
43,69,70,321
44,83,77,662
31,51,96,867
39,84,51,949
28,89,97,692
32,44,62,402
27,67,73,936
31,47,95,965
28,51,86,568
28,42,99,632
44,64,67,992
33,85,70,469
29,52,94,950
29,63,55,720
34,84,85,561
39,86,81,703
33,82,87,375
39,50,72,925
44,62,74,537
44,50,98,874
42,49,87,359
29,66,59,748
30,60,65,562
29,48,53,850
27,61,57,846
30,87,57,321
44,86,74,998
41,45,65,507
39,68,65,925
30,82,65,537
25,59,69,433
42,51,69,691
36,72,94,363
32,56,72,925
30,60,92,327
26,43,93,995
36,87,71,599
33,57,52,774
34,51,63,365
40,84,51,509
30,64,82,545
25,67,73,975
29,51,75,352
25,82,98,322
33,82,85,340
33,47,64,700
27,73,72,436
37,57,54,973
40,87,58,612
34,53,74,397
41,40,54,646
36,57,88,438
38,79,77,805
33,40,95,821
32,76,80,954
43,62,72,407
27,52,54,856
41,68,55,957
35,85,94,696
31,48,91,715
39,48,55,788
38,76,86,402
41,88,58,479
26,84,83,959
25,54,75,687
42,70,85,682
37,61,53,699
44,50,56,815
39,59,97,319
27,51,99,354
25,74,54,777
27,89,89,893
30,40,58,311
44,48,50,911
29,50,55,772
44,48,69,317
38,51,72,528
33,49,59,851
25,86,71,668
26,87,72,730
28,54,78,802
43,49,98,662
36,73,50,458
37,89,51,677
26,68,55,320
33,63,66,555
32,85,84,716
40,52,96,937
39,67,96,961
32,52,67,393
27,70,57,316
44,87,51,822
38,73,59,386
32,48,69,594
39,87,58,435
39,42,69,467
38,42,70,490
27,68,95,820
27,55,96,498
31,52,95,715
35,41,74,970
26,60,60,824
31,60,91,999
43,66,95,888
27,48,73,348
40,41,98,601
31,88,61,902
38,83,50,796
25,58,79,913
32,70,73,933
36,69,95,316
37,82,66,450
39,64,63,618
42,41,91,644
39,82,53,877
28,58,56,844
38,62,90,651
33,82,94,886
37,67,55,522
26,53,74,390
39,44,81,989
35,51,89,515
31,63,61,553
25,74,95,678
37,79,56,449
43,72,97,936
36,47,52,716
41,84,51,932
40,76,84,772
31,81,76,493
28,72,96,646
32,43,89,367
29,46,83,366
37,45,95,906
26,88,79,786
27,83,97,998
44,51,92,651
41,78,66,582
37,76,91,996
38,68,86,411
30,81,59,454
44,83,94,414
40,55,79,773
36,75,55,447
37,79,87,383
36,59,64,638
43,63,63,408
35,63,79,611
31,88,73,739
31,81,60,851
40,62,94,850
25,54,87,604
27,86,66,623
33,58,86,406
39,74,98,986
28,50,98,415
37,73,71,858
43,86,97,844
35,72,76,972
37,61,82,957
26,64,75,591
36,55,67,660
37,50,72,825
35,70,60,312
41,82,50,402
42,41,98,635
36,56,84,516
40,80,94,818
39,55,97,961
25,84,71,588
44,81,54,364
25,55,90,532
36,44,58,694
43,69,68,470
34,56,71,531
36,64,68,624
35,76,61,897
30,73,55,947
27,59,95,414
30,67,64,966
26,80,61,965
28,82,59,944
32,65,97,569
40,81,63,452
31,87,91,774
44,84,62,885
38,72,95,416
39,48,68,625
37,60,53,852
42,52,94,592
28,54,63,798
37,60,69,933
33,51,53,557
44,50,87,978
39,81,95,801
36,77,67,472
36,79,56,538
32,56,82,429
30,67,85,314
28,59,98,329
40,69,82,637
25,88,75,657
36,45,76,452
36,43,72,342
38,43,53,440
40,76,50,952
44,55,55,627
44,80,73,920
33,78,66,375
40,70,97,528
27,67,98,952
31,69,85,465
34,80,58,426
30,60,76,995
43,63,51,378
44,60,63,578
34,72,89,628
26,47,91,771
40,61,90,380
32,46,56,669
30,63,81,389
34,53,50,814
44,89,53,637
33,67,73,650
36,66,86,536
39,41,86,775
37,40,76,625
42,62,76,419
31,87,61,906
26,75,77,780
41,69,71,927
42,85,73,352
33,54,87,826
40,40,57,310
32,59,89,466
25,76,73,370
37,46,75,719
35,55,83,817
37,54,55,761
28,60,81,971
28,82,69,494
27,60,51,429
43,67,98,499
41,76,50,774
27,80,74,606
31,47,60,641
27,85,97,748
25,52,89,435
34,80,58,400
36,89,75,422
44,83,61,460
36,86,93,814
40,75,99,402
43,64,75,341
35,80,94,308
29,47,91,383
39,59,54,395
42,83,86,806
37,75,94,722
37,43,90,936
33,49,89,574
41,79,95,956
25,52,52,480
25,66,64,730
42,61,68,464
33,58,73,579
25,53,87,365
28,51,80,700
31,54,75,992
40,84,95,806
33,69,86,794
44,62,55,554
43,44,55,453
27,66,83,536
30,61,69,979
27,42,69,713
32,73,73,733
26,52,58,701
40,76,76,643
36,75,78,683
30,71,50,847
29,52,70,885
41,71,73,333
37,56,61,821
27,56,72,347
36,84,75,834
30,54,88,609
27,71,51,808
39,45,89,636
31,75,82,610
39,67,65,324
40,43,80,622
27,47,98,588
35,61,82,741
31,81,72,702
33,47,58,981
35,78,68,712
29,45,73,517
25,70,61,885
34,50,62,965
36,75,73,426
33,76,82,544
43,47,58,907
31,89,57,784
41,74,70,496
28,64,62,479
39,78,94,676
28,78,61,542
29,70,84,828
41,70,62,393
27,83,70,501
44,56,90,453
36,59,50,905
42,43,55,941
33,61,60,695
26,41,67,713
40,52,87,348
29,47,69,448
31,55,70,659
30,40,83,476
32,50,65,363
26,87,76,452
31,71,87,827
28,86,73,661
38,79,67,357
28,86,61,559
33,60,58,949
29,86,51,720
33,69,54,589
43,79,52,908
37,77,89,576
32,72,79,686
35,77,79,840
26,63,56,313
43,41,80,356
25,47,90,487
35,46,69,548
44,64,62,956
33,58,68,742
43,83,99,448
41,44,78,481
33,87,76,927
25,70,54,685
43,59,97,671
27,88,85,456
42,56,54,809
41,62,63,761
25,51,99,854
31,72,91,788
34,51,67,410
37,65,91,687
43,51,89,883
34,67,69,739
39,73,56,940
38,83,85,580
32,62,94,571
37,87,75,436
38,51,53,938
28,44,74,603
44,67,91,348
38,49,82,485
30,82,88,315
28,40,57,508
25,51,87,341
43,46,83,453
42,68,51,899
43,54,96,654
41,64,84,432
25,60,66,609
44,77,97,666
32,79,63,301
27,63,73,702
32,56,55,536
41,84,77,441
30,56,87,846
37,58,88,881
30,60,90,575
31,81,88,507
31,54,73,569
30,65,69,495
44,62,81,673
41,60,92,927
44,62,92,852
39,66,69,373
42,50,52,594
40,45,98,931
36,80,83,943
31,61,74,314
36,73,72,816
29,45,94,365
30,51,57,376
25,50,65,448
42,81,92,777
33,73,75,723
42,58,64,854
26,88,83,719
44,88,61,950
29,44,73,773
42,54,71,610
34,62,63,594
27,70,79,669
33,45,94,342
41,44,76,742
26,59,92,882
31,54,86,694
28,68,70,753
40,77,50,407
31,46,58,530
31,44,72,309
26,67,64,997
31,84,71,367
28,51,96,386
36,77,67,395
43,73,98,331
25,43,61,609
35,54,76,542
41,45,71,711
35,57,99,483
43,50,62,405
39,80,54,600
29,66,82,771
33,44,92,817
39,65,94,824
38,51,92,776
38,60,93,957
43,86,51,420
35,89,94,500
35,72,61,762
25,44,98,758
38,64,67,418
34,54,93,341
31,84,91,622
36,41,65,790
43,46,64,346
33,45,88,765
34,86,97,882
27,63,73,507
38,43,87,662
41,86,81,675
40,73,72,443
31,76,77,672
33,42,72,451
44,70,63,742
29,48,81,932
28,69,89,560
35,49,65,577
35,71,73,619
28,50,85,316
42,83,53,763
38,42,89,655
36,50,52,306
43,60,72,845
38,49,88,854
44,46,97,403
30,46,89,961
37,70,68,986
37,69,59,865
44,49,86,313
44,81,58,522
27,63,67,862
39,76,83,600
39,76,87,922
38,48,84,361
31,72,63,445
44,69,66,347
38,48,74,453
35,58,56,583
37,52,73,802
43,58,88,344
29,58,74,821
38,85,56,895
29,71,71,861
38,41,92,901
29,82,69,313
27,82,51,664
26,78,99,797
35,53,62,718
25,42,76,604
38,75,99,901
35,69,65,423
32,83,59,311
26,44,93,602
43,71,69,610
26,65,59,466
32,53,99,450
37,57,91,614
32,61,78,375
32,67,80,620
38,50,75,834
27,49,63,857
35,84,56,706
31,74,58,432
39,62,57,916
26,67,62,754
31,71,59,786
35,73,92,527
41,50,85,848
44,57,86,396
33,59,76,309
44,74,75,822
34,77,60,445
32,87,77,491
35,57,61,985
42,41,85,734
29,41,82,771
32,52,77,784
38,78,86,710
35,53,80,983
27,48,65,358
40,45,69,363
42,43,60,616
25,71,68,348
43,64,59,965
26,62,76,455
31,54,74,938
43,62,66,406
28,40,66,940
27,64,61,816
44,40,55,369
39,54,62,937
31,66,61,692
30,68,58,390
40,57,94,380
44,49,70,477
38,45,66,712
33,72,86,947
26,77,56,753
29,87,75,996
43,45,94,741
42,68,77,419
28,80,94,411
42,68,70,518
36,87,80,615
38,78,70,636
26,50,82,885
40,66,63,667
36,56,63,631
29,54,87,705
40,44,86,757
26,89,84,475
28,48,96,377
40,44,60,643
35,80,55,990
31,65,76,553
32,62,95,975
38,74,67,498
37,63,54,524
39,72,84,348
26,48,77,982
32,87,77,551
33,86,89,928
27,71,81,822
30,41,75,584
27,54,64,374
40,47,55,791
39,49,65,903
44,49,86,438
30,75,53,452
33,82,99,439
35,72,78,447
42,82,98,611
41,56,83,660
44,87,61,634
37,85,66,943
43,88,74,947
27,87,93,627
44,54,68,709
39,85,50,868
38,70,61,933
30,79,80,402
36,72,52,405
26,64,63,618
28,41,98,914
29,77,79,505
33,60,52,453
35,46,87,794
40,41,92,894
37,76,99,798
37,65,84,869
43,58,73,872
42,87,80,735
43,57,98,793
35,86,67,683
33,55,77,354
44,56,68,354
38,50,67,533
26,87,83,592
40,50,57,868
44,41,78,740
34,79,86,781
25,68,91,504
31,61,53,530
25,56,54,589
39,77,88,884
40,82,78,466
39,58,80,443
31,64,85,683
25,48,89,693
42,61,79,538
28,51,53,766
44,78,72,772
35,71,91,377
29,75,57,978
26,89,68,819
43,45,78,392
28,74,73,522
34,81,89,327
38,76,51,516
38,45,66,698
39,68,99,758
32,47,91,995
37,70,67,694
31,48,99,349
41,47,51,325
42,43,58,798
40,60,64,350
33,44,57,433
26,53,74,960
44,76,63,458
33,41,97,625
41,78,64,517
42,46,85,501
28,64,85,647
32,62,69,570
25,50,98,424
33,69,66,569
32,42,67,882
30,63,73,414
30,74,86,703
40,44,51,997
39,44,85,781
38,56,79,722
25,74,98,594
37,89,65,700
26,72,59,553
39,87,60,320
30,87,76,549
44,85,74,599
28,41,85,409
36,51,96,709
28,47,67,519
43,79,67,888
38,68,64,301
25,48,94,904
36,54,82,568
31,54,79,713
25,89,68,929
28,60,96,868
39,67,77,726
37,86,58,436
35,52,91,503
34,49,53,414
44,82,78,694
41,81,56,651
43,55,61,389
37,80,87,778
36,53,59,383
34,71,84,928
41,86,73,766
38,66,52,806
34,72,96,827
25,54,64,704
27,49,67,525
27,50,80,432
34,63,68,951
42,56,94,365
42,51,77,332
29,48,57,699
32,70,83,659
34,87,83,491
41,60,88,469
34,51,76,516
37,68,92,770
37,69,93,749
33,76,93,690
35,75,94,306
31,60,64,367
36,85,54,331
43,86,85,390
31,75,50,835
32,77,68,352
43,56,96,714
43,40,80,533
27,55,55,583
42,75,56,818
34,72,94,797
42,86,73,590
27,53,73,337
37,72,66,871
39,68,90,621
41,64,85,805
30,59,94,549
25,40,60,307
35,79,55,628
26,69,97,582
37,66,56,840
41,64,70,894
33,60,89,441
41,56,73,701
33,76,73,453
37,86,86,929
44,81,67,980
39,65,62,301
38,47,58,619
37,66,62,551
26,80,55,885
26,61,70,474
44,48,52,621
40,77,81,554
30,86,99,749
30,55,57,355
40,65,61,393
32,81,78,419
30,76,61,486
27,43,86,959
42,75,91,681
40,81,62,371
35,50,52,487
37,62,73,605
39,72,79,765
32,43,68,985
34,59,68,979
39,78,78,425
36,40,74,441
35,56,59,489
25,49,67,421
44,79,51,566
41,46,94,389
27,78,91,628
35,84,78,524
34,42,53,849
38,54,50,668
40,89,68,609
41,85,59,891
40,86,91,622
30,45,78,411
34,84,53,558
33,66,98,626
37,55,60,887
37,47,85,862
40,48,54,762
43,66,72,636
27,75,50,997
33,79,68,712
40,45,92,722
44,84,62,970
42,86,52,307
26,58,83,922
34,78,57,389
25,76,65,718
37,88,86,305
27,88,70,384
39,64,81,591
29,75,74,510
44,89,84,892
34,73,51,495
29,46,95,317
44,85,99,690
43,81,98,368
35,50,57,359
32,81,54,930
37,45,57,367
33,41,53,605
41,78,82,629
25,51,79,588
25,77,68,592
43,51,89,963
37,82,60,644
39,40,78,411
28,81,78,834
38,80,85,809
40,55,88,954
35,71,50,806
34,63,63,638
40,79,58,964
40,85,94,427
31,65,95,695
34,67,80,965
35,69,76,858
31,77,91,323
30,57,56,422
34,83,67,656
31,43,63,500
38,53,65,586
26,62,77,771
39,73,69,875
35,46,94,516
41,63,71,649
32,87,57,446
44,55,62,751
26,49,50,535
35,44,53,616
40,56,63,495
31,62,51,956
27,78,57,457
33,88,72,415
42,68,82,706
26,46,62,397
28,71,53,959
41,88,80,715
34,70,61,386
25,76,92,486
38,73,58,301
29,86,90,922
40,85,70,939
34,80,62,596
42,42,55,503
26,60,70,480
41,46,88,555
43,85,67,943
37,81,94,955
43,78,52,997
39,47,82,480
26,69,98,500
29,63,70,702
30,80,69,842
25,67,79,675
38,80,62,552
27,89,70,636
30,89,54,443
32,42,98,491
35,65,71,963
33,56,89,740
42,69,54,937
33,81,87,652
36,89,59,822
25,49,92,838
38,70,77,306
31,45,50,454
29,52,67,896
27,54,65,726
38,64,76,300
27,62,77,832
27,88,91,700
35,87,50,409
31,48,96,778
25,83,54,803
31,53,55,332
34,60,72,747
32,86,68,782
37,89,57,476
42,88,86,911
37,60,53,300
39,46,73,818
33,51,99,982
28,89,95,876
36,51,56,761
32,57,93,876
35,77,91,646
34,54,59,371
40,46,90,854
43,59,66,708
38,53,97,482
34,41,80,309
29,83,55,603
35,87,84,989
40,87,97,873
40,77,57,618
42,63,70,613
36,89,79,368
44,48,72,757
29,72,78,739
44,85,86,817
35,55,68,504
30,46,62,947
36,66,71,499
43,88,97,451
29,46,85,429
31,82,75,521
26,89,63,634
38,73,56,837
39,61,56,691
27,49,87,819
44,45,52,914
35,53,60,381
35,81,54,465
25,74,64,397
36,43,73,767
36,47,61,621
27,76,80,636
37,78,51,621
30,67,84,664
41,58,79,465
30,80,83,814
31,50,63,587
37,88,66,962
27,65,78,366
28,63,99,785
44,48,53,404
42,46,88,781
43,46,51,311
43,42,94,553
27,80,50,508
30,66,77,711
27,83,81,979
37,63,72,930
40,51,89,953
29,54,86,830
31,67,83,535
32,69,95,556
31,48,94,312
32,57,64,993
29,51,73,339
35,60,53,907
25,76,76,867
26,82,66,320
37,75,87,594
34,82,80,624
29,77,98,391
41,52,61,516
31,40,92,615
26,57,70,453
39,49,85,677
34,77,53,787
27,40,58,302
34,44,89,797
40,68,75,595
31,73,53,545
33,44,79,509
25,71,63,731
37,81,93,887
34,81,81,530
28,71,71,547
33,44,71,705
35,69,54,672
38,51,84,546
41,71,86,302
35,77,70,313
28,88,91,854
28,41,80,549
26,50,89,655
27,41,86,977
39,82,57,886
29,80,79,676
25,76,89,940
41,54,92,622
33,59,92,698
42,72,53,301
26,41,58,935
27,51,97,854
34,88,64,919
41,40,73,434
32,41,91,537
34,43,55,575
28,81,97,419
29,85,55,495
29,49,86,878
32,54,73,989
28,46,64,920
35,61,51,552
36,68,88,748
26,59,56,563
44,46,57,627
42,63,86,566
26,56,87,677
36,52,79,863
37,47,94,944
27,84,85,639
44,89,73,418
31,67,73,737
36,83,99,479
43,88,61,575
31,67,69,954
35,88,55,691
33,76,77,757
32,44,53,848
41,88,72,716
38,65,89,680
33,63,60,706
26,70,95,678
39,52,74,658
30,59,91,322
30,78,89,513
26,47,88,389
38,44,83,367
27,64,93,865
43,79,89,902
25,61,62,358
26,77,88,812
40,55,99,881
34,86,88,313
26,57,89,399
26,60,74,931
35,47,76,885
37,88,62,356
37,68,72,627
33,70,95,888
26,55,63,369
38,67,97,457
28,59,76,661
37,88,66,848
26,74,98,533
27,45,97,996
43,82,60,310
28,42,59,874
27,75,82,868
31,46,92,682
39,45,58,710
31,69,99,396
31,42,57,483
25,66,84,655
32,79,63,307
34,41,60,776
41,53,60,312
30,80,81,463
34,49,54,784
34,89,67,946
39,73,59,349
25,63,97,374
29,42,65,300
31,84,82,552
35,70,50,995
31,46,83,318
34,58,91,855
35,65,60,448
37,75,76,340
39,75,83,772
29,47,97,960
39,89,83,762
40,56,87,860
32,87,74,745
41,73,65,730
35,65,87,668
38,87,81,490
32,75,55,340
33,63,70,656
38,69,85,949
35,76,78,481
34,72,56,561
34,64,89,535
40,67,56,984
43,64,88,968
36,70,52,939
44,72,94,342
35,41,53,319
32,46,61,821
25,76,93,349
30,56,95,714
44,47,73,649
39,50,85,502
35,46,70,680
25,70,58,682
33,53,94,951
33,60,65,343
42,52,51,503
44,81,53,599
39,59,98,897
31,60,58,745
29,44,91,706
41,41,93,574
39,71,84,985
27,65,57,791
37,64,83,468
44,62,74,865
43,42,58,554
32,68,77,835
33,84,59,496
34,51,68,966
28,72,94,352
25,72,60,938
41,54,91,304
39,47,92,859
26,54,86,921
37,49,94,384
36,81,74,342
36,80,72,392
41,51,53,592
33,45,88,494
26,73,97,459
31,72,93,364
32,83,68,355
28,56,77,842
39,61,97,350
32,66,59,929
43,49,94,363
33,84,55,971
31,84,55,872
31,73,64,568
25,57,96,684
40,84,87,798
30,54,74,565
41,87,81,545
33,82,83,861
39,66,83,706
33,53,66,909
35,62,90,704
32,74,64,569
29,73,53,522
37,67,66,879
38,75,82,362
27,43,90,746
40,87,93,314
30,75,75,623
27,58,58,534
35,76,80,611
36,42,53,873
43,81,96,851
36,53,86,470
29,66,88,628
26,79,84,818
33,69,82,774
32,84,54,970
36,50,99,481
28,53,93,303
36,76,56,473
41,81,95,322
42,47,68,964
28,45,77,501
42,49,91,902
42,78,78,381
29,53,81,646
31,70,82,309
37,75,65,975
44,86,91,420
25,81,94,496
29,54,78,435
44,84,61,375
28,45,85,680
37,49,90,703
34,87,67,699
39,79,53,423
28,75,85,450
26,54,62,743
28,40,77,821
44,67,80,794
27,82,99,855
31,57,65,750
43,47,93,883
28,42,80,346
42,62,54,871
28,61,89,733
33,78,92,800
29,61,76,679
41,65,55,865
27,72,55,561
32,56,57,694
44,72,90,930
35,63,95,527
34,87,98,705
39,57,89,354
40,83,75,579
35,75,79,612
35,44,67,473
25,54,98,881
26,68,74,999
36,52,69,667
28,41,66,868
43,44,84,405
38,53,54,714
27,76,66,342
32,47,53,931
36,67,86,395
29,45,59,520
41,44,59,907
32,42,78,581
30,81,61,786
33,89,85,408
31,79,62,514
31,67,87,683
30,67,54,487
36,69,97,703
40,63,86,919
25,82,75,493
42,75,58,694
37,56,98,864
36,82,63,773
30,77,62,865
44,56,66,842
32,71,51,485
44,54,85,447
42,78,95,882
29,83,76,577
42,56,77,593
29,68,68,332
43,78,59,385
41,76,93,787
31,82,89,633
32,49,66,579
34,47,55,528
28,52,59,578
39,70,89,333
26,41,85,514
41,71,95,573
30,85,80,637
26,81,79,963
32,75,74,880
25,70,89,415
36,41,92,833
27,83,56,395
42,71,76,710
44,78,74,954
29,44,62,809
27,72,71,395
26,75,88,354
30,41,63,587
31,71,52,521
27,67,65,846
41,59,67,578
27,59,86,314
25,74,71,400
30,47,68,567
37,79,50,965
43,73,82,684
25,67,98,484
25,82,60,796
42,79,80,954
37,67,98,897
38,77,79,734
38,45,50,449
29,61,74,927
31,67,53,634
31,76,60,402
38,57,52,381
39,59,93,877
40,84,81,514
41,61,58,941
28,50,61,669
33,42,82,870
41,75,83,496
34,67,63,317
28,77,87,555
35,61,99,561
38,77,73,985
42,47,95,405
33,55,98,479
44,50,61,815
40,53,99,341
41,88,95,355
38,76,63,446
30,62,96,653
44,58,78,624
37,52,50,835
29,74,69,502
44,80,54,579
27,84,61,558
43,84,83,472
40,57,55,913
34,44,90,800
31,88,54,506
29,42,69,675
37,87,92,543
35,77,68,501
43,57,96,484
29,76,60,657
41,88,97,922
33,55,80,871
43,51,56,681
38,49,71,550
28,64,82,643
29,84,63,690
33,68,92,398
32,77,57,757
28,84,56,588
25,72,80,644
28,43,58,801
41,45,82,685
30,81,99,914
41,84,73,865
38,48,77,634
42,40,93,321
33,74,77,391
38,72,53,382
35,73,68,600
35,41,59,623
38,70,58,755
26,63,95,726
37,72,86,690
41,76,65,758
35,58,51,426
31,50,50,414
43,47,90,583
39,40,73,787
29,40,57,865
43,81,55,684
43,56,87,924
31,87,70,811
44,59,69,304
35,47,96,396
33,63,99,948
33,69,64,452
25,84,88,505
34,40,91,868
38,56,65,843
29,71,70,715
35,57,57,439
37,73,88,963
28,55,67,611
34,54,65,748
38,41,57,842
41,69,91,304
26,49,75,721
28,81,52,899
40,49,68,616
25,61,69,714
31,61,95,976
29,77,70,381
42,61,76,992
33,89,66,946
35,64,67,743
38,58,90,424
30,69,88,963
34,87,75,358
39,88,63,696
36,82,71,367
39,67,57,993
44,59,96,743
30,79,92,892
36,55,51,325
32,52,86,366
29,87,92,318
31,83,62,716
43,51,84,756
39,80,88,702
27,40,59,474
34,72,99,333
39,41,85,866
32,85,69,942
30,43,53,397
32,51,51,390
36,42,96,352
38,46,91,581
37,50,78,614
30,82,57,494
25,63,91,451
44,44,59,405
35,51,84,728
43,44,93,903
42,74,75,797
35,60,98,395
25,43,83,529
42,58,60,874
30,65,66,405
40,49,91,874
33,43,60,495
34,89,90,511
44,58,96,618
28,63,98,636
38,84,73,315
36,60,68,780
30,52,76,519
32,83,94,392
28,61,62,814
34,54,99,496
37,60,77,767
33,70,50,556
43,48,90,598
29,87,75,434
32,67,62,616
37,72,64,584
29,62,72,360
43,89,87,811
30,47,79,657
37,80,62,814
25,66,99,850
38,73,97,978
33,70,62,528
29,66,87,666
36,81,68,770
30,40,83,872
31,41,82,961
25,72,96,492
35,62,68,742
41,48,52,556
42,56,72,987
27,55,79,801
33,88,61,993
44,82,54,336
35,81,80,440
38,74,87,887
38,85,62,905
30,79,50,343
28,55,70,532
31,45,53,890
29,60,83,384
26,89,90,808
25,89,87,934
36,86,99,968
44,43,55,531
25,42,57,481
41,73,50,545
43,45,77,428
31,73,68,633
40,79,57,947
31,78,74,660
32,57,50,327
33,65,72,940
42,86,63,767
41,80,75,943
41,85,97,763
28,49,93,709
28,44,75,911
40,84,82,394
29,81,93,618
42,61,83,482
43,40,63,438
27,54,64,743
44,63,80,321
29,76,77,482
32,48,75,603
41,64,91,463
43,70,87,774
27,65,71,763
27,56,52,851
32,44,74,376
30,64,86,731
30,50,64,615
37,51,94,980
28,85,73,483
33,58,97,964
39,83,92,970
33,51,64,655
42,50,59,903
33,42,56,354
37,70,95,730
29,68,83,986
32,59,87,765
31,49,59,404
25,77,88,738
39,82,92,757
36,86,74,868
39,62,61,430
38,89,74,786
30,65,99,431
31,61,84,470
35,46,87,351
42,70,53,534
39,69,58,479
44,80,92,879
38,51,95,662
29,42,65,668
42,57,64,350
35,64,96,518
27,58,89,333
31,75,58,976
25,88,73,744
26,57,59,902
32,56,93,957
28,88,81,843
38,55,67,431
43,53,82,964
30,44,69,644
40,79,96,422
27,81,91,429
25,68,58,771
26,53,76,576
28,56,83,797
28,83,63,316
27,85,80,355
25,41,68,930
43,63,61,915
40,73,85,954
29,51,53,724
41,45,88,582
39,55,99,327
29,89,95,311
25,40,78,644
34,53,80,356
38,53,92,335
33,48,94,896
29,88,72,667
40,72,60,416
33,52,97,422
34,52,98,468
36,82,50,640
37,89,92,643
30,41,54,692
33,53,81,798
32,72,92,806
28,74,59,724
26,76,63,823
30,46,90,888
33,56,63,900
42,77,73,950
25,54,90,475
42,46,59,788
29,77,90,484
30,87,87,612
28,66,56,582
33,65,96,646
37,42,50,475
39,86,97,626
27,66,67,737
33,69,56,458
37,64,81,691
40,85,84,681
29,61,71,923
35,73,92,618
35,81,75,882
42,85,69,617
28,76,76,558
29,52,61,335
34,79,63,356
29,55,62,742
29,61,91,650
27,46,83,478
42,62,73,624
35,62,80,553
26,89,83,702
26,51,63,304
44,81,82,407
29,77,56,966
40,75,97,981
39,73,61,663
31,65,91,979
43,72,91,734
40,47,68,931
25,77,66,828
29,82,74,781
26,52,70,552
25,89,77,863
36,62,86,928
32,86,79,605
40,65,81,439
28,67,68,908
36,75,52,905
44,42,71,968
30,44,76,887
37,59,82,499
36,79,64,703
33,61,81,631
37,79,61,337
27,75,72,329
39,88,53,892
40,54,56,934
38,54,89,901
34,85,67,394
39,65,74,680
36,50,90,605
31,58,65,369
33,41,98,812
35,48,99,765
31,81,90,667
41,79,51,602
44,56,59,791
44,87,58,487
30,52,67,760
37,81,63,976
38,69,99,743
36,60,79,351
35,71,56,917
39,54,63,464
39,57,71,988
30,61,53,789
35,53,70,738
31,52,75,656
38,61,88,499
41,50,77,907
36,47,85,457
30,79,93,399
34,50,63,511
33,74,86,390
39,51,98,882
27,42,98,510
42,73,93,399
39,40,59,638
40,61,98,337
37,80,54,780
39,55,75,724
25,84,64,797
39,55,65,624
35,63,61,727
27,84,52,914
38,76,69,499
38,69,91,715
32,77,50,884
42,89,90,827
27,70,57,435
34,66,82,979
37,63,76,877
41,84,79,579
40,76,98,432
32,78,99,534
40,56,92,421
28,47,94,645
42,82,77,696
31,64,93,649
41,69,99,317
34,61,88,996
37,82,93,827
44,46,67,644
31,68,67,916
44,74,89,786
31,57,89,306
32,44,57,450
26,40,78,916
25,85,66,411
34,73,75,990
25,48,53,763
31,51,60,533
27,44,72,321
37,78,82,991
41,69,65,310
42,65,73,749
40,71,74,919
42,88,72,306
34,82,99,768
43,44,98,353
42,69,58,757
33,58,71,618
42,65,70,863
35,74,63,343
26,79,61,985
29,89,81,935
37,54,74,755
25,82,64,932
39,82,78,644
28,73,53,582
25,73,80,850
31,47,69,945
26,40,84,501
25,76,74,857
38,48,89,634
40,51,54,510
31,57,75,665
42,77,93,480
34,55,56,871
41,64,69,405
32,57,50,885
38,46,77,886
27,55,76,573
37,40,87,914
28,64,75,949
44,54,67,581
44,86,75,976
33,74,98,847
41,79,84,545
38,41,74,998
27,61,74,883
29,45,75,839
26,66,90,491
27,57,55,325
40,73,68,749
30,81,72,527
27,88,66,538
44,73,83,608
39,49,60,858
26,41,67,826
35,70,51,609
33,86,71,924
41,76,93,602
32,84,65,529
30,77,63,406
40,82,94,728
29,42,94,786
31,46,83,308
41,44,52,459
31,55,65,599
38,64,81,585
41,71,61,400
36,67,95,412
42,42,87,969
36,44,53,871
37,84,69,339
27,57,85,852
33,77,81,367
29,83,91,615
41,46,96,604
34,64,97,501
29,70,72,656
33,86,79,643
43,46,63,496
32,61,95,759
35,58,56,488
26,55,82,544
25,63,86,863
29,80,61,841
42,54,63,793
36,52,61,499
26,45,89,851
44,78,66,850
30,88,86,945
43,78,90,473
38,46,95,344
31,52,52,679
36,44,50,854
32,44,94,534
43,53,96,927
29,76,88,601
35,63,81,934
41,46,60,929
36,79,90,903
38,81,86,370
39,61,63,723
30,87,73,667
35,59,98,641
31,86,67,508
40,41,81,611
39,73,82,304
32,50,58,737
39,50,82,666
44,61,98,625
33,88,60,766
42,56,81,935
28,42,90,854
35,69,59,322
35,55,53,800
34,56,81,907
39,85,92,927
29,63,84,814
30,43,84,603
26,73,92,527
28,47,56,550
40,69,56,399
27,88,84,603
31,45,87,472
34,75,66,811
29,83,72,696
36,77,54,878
44,55,54,677
43,68,90,811
28,71,87,664
33,80,96,841
34,63,68,982
28,48,91,614
34,53,94,791
42,50,77,488
30,47,56,797
37,63,75,458
29,59,94,615
39,72,52,651
40,40,82,464
35,82,57,611
25,42,85,540
38,46,82,909
31,49,62,820
27,64,51,414
34,86,53,788
28,65,67,430
34,89,97,366
37,81,59,652
38,57,97,627
35,46,87,711
38,66,71,622
31,77,79,890
42,85,78,849
42,80,72,445
44,68,63,510
37,73,66,783
30,65,91,701
37,64,69,710
28,75,77,378
43,41,55,866
34,42,73,982
36,68,88,564
25,55,76,331
39,49,78,756
42,40,59,748
33,86,63,338
44,64,91,308
38,87,96,988
28,52,50,300
34,83,90,891
38,48,98,464
29,88,57,683
27,73,63,537
32,75,67,880
29,78,55,476
39,74,60,690
25,88,68,427
42,82,89,805
34,48,93,349
26,75,81,686
28,62,94,382
27,72,93,591
36,42,98,394
27,59,87,527
44,81,94,885
38,56,60,481
31,50,60,914
26,76,97,374
29,62,57,732
39,86,80,327
29,63,61,587
44,83,53,509
44,67,59,665
27,79,68,607
34,75,87,788
32,66,80,563
41,74,78,628
40,71,72,441
29,59,81,391
36,60,60,381
41,81,62,461
43,59,71,935
40,60,99,471
40,78,53,515
35,87,68,652
33,67,91,486
37,71,88,324
41,81,53,700
42,68,99,751
29,88,81,623
30,74,66,653
39,53,90,959
26,62,52,886
36,54,97,372
28,69,99,910
26,42,94,866
36,47,74,952
35,52,87,970
28,56,98,566
44,67,76,379
41,48,93,701
38,88,87,875
43,44,68,615
31,58,90,536
32,57,89,515
35,72,66,808
35,64,72,873
26,76,51,544
44,43,76,986
36,64,83,789
36,56,81,478
29,84,91,897
34,77,92,802
37,77,50,895
39,45,58,747
32,41,82,891
33,78,58,635
26,85,59,790
35,43,80,373
29,49,95,437
28,76,80,890
36,53,98,410
34,57,93,373
37,59,71,973
36,80,70,388
36,80,56,567
35,75,85,695
28,88,66,911
42,83,70,419
32,66,52,595
43,50,63,375
44,53,83,634
35,46,98,649
36,50,98,928
28,51,73,739
31,62,53,962
31,78,87,681
29,61,67,868
33,73,82,860
27,53,91,849
26,74,92,560
40,56,81,892
29,53,52,425
39,85,65,422
40,52,93,744
31,54,97,303
37,41,85,917
33,80,98,950
33,70,55,830
34,66,82,947
39,89,61,997
38,77,83,876
40,40,77,349
36,88,71,801
40,82,95,998
29,71,53,411
31,56,70,349
36,48,83,719
30,66,77,747
40,87,60,844
36,49,99,607
41,60,70,401
37,50,97,896
26,65,88,315
39,63,70,741
27,69,61,841
30,84,67,975
39,59,77,949
36,78,56,706
40,86,96,803
30,68,81,911
26,75,70,362
40,59,55,363
38,59,87,449
43,56,50,928
33,66,66,367
36,64,79,853
44,51,68,702
44,62,94,993
40,77,66,531
36,82,71,947
31,48,99,972
44,68,69,702
30,73,53,491
25,80,72,835
26,57,73,483
27,70,86,583
33,84,80,886
38,75,82,326
26,59,65,741
26,48,93,782
39,42,97,784
37,72,52,518
28,71,64,995
26,65,61,707
44,87,77,347
42,84,92,946
26,52,97,868
43,61,55,998
29,77,92,761
35,69,77,903
34,70,85,970
44,85,65,790
38,42,55,585
28,81,83,332
44,76,59,808
43,74,88,480
43,71,74,755
30,76,69,337
40,44,83,815
40,57,63,519
35,43,92,344
32,41,80,320
26,66,64,726
38,68,77,544
42,55,79,615
26,82,97,801
25,85,58,423
31,73,61,918
37,87,95,322
40,84,69,633
33,85,79,972
42,84,61,345
28,73,88,912
35,74,93,753
25,80,78,900
41,50,82,694
28,68,90,998
39,57,66,611
38,57,69,438
42,43,81,966
37,45,85,596
43,88,98,972
28,55,93,396
36,51,99,492
36,82,75,856
31,78,73,848
40,83,71,727
43,76,78,858
32,85,96,857
35,45,86,373
43,77,81,559
31,59,54,667
35,85,56,466
33,69,65,628
28,80,81,769
44,87,99,899
26,73,82,552
39,69,85,319
28,62,95,951
42,87,68,473
42,87,92,475
38,56,72,495
36,53,51,664
32,59,75,537
32,40,82,401
44,44,93,855
25,60,99,516
27,69,84,868
33,67,94,870
26,89,85,710
27,65,81,302
28,60,92,797
30,48,59,700
38,60,98,578
38,40,79,977
25,54,93,482
36,64,57,698
37,77,95,802
30,67,82,327
25,84,54,506
29,62,99,522
33,51,75,771
30,67,62,967
42,40,55,848
27,68,79,903
32,73,61,379
41,51,98,386
34,61,84,344
40,73,78,304
31,51,58,507
29,54,79,616
40,63,50,613
32,79,61,303
27,80,78,400
31,71,78,371
41,72,58,720
33,44,86,817
35,42,51,490
41,80,93,855
29,87,56,409
35,78,84,353
28,72,70,760
41,79,62,757
44,73,81,852
35,68,77,682
27,49,91,370
38,82,97,708
39,57,98,352
43,64,63,872
43,47,84,839
44,60,58,879
35,61,89,482
41,57,90,761
37,61,75,380
31,43,98,320
41,68,98,550
36,65,97,920
28,55,51,463
35,79,79,725
39,56,56,632
28,63,62,980
32,80,51,445
44,75,84,860
38,60,84,977
40,57,98,350
43,46,92,588
41,59,74,547
34,87,72,979
25,82,56,735
42,61,68,579
44,66,51,859
27,44,60,751
32,61,65,417
33,63,61,927
40,82,61,654
41,80,54,448
40,75,81,838
26,63,64,738
30,84,74,349
37,78,93,714
28,55,90,833
25,84,60,594
37,78,89,464
26,65,54,685
26,68,74,709
34,42,59,664
41,56,85,459
31,56,60,529
27,46,75,965
43,40,51,976
32,42,61,883
35,48,95,797
43,79,54,315
36,64,68,379
28,49,98,669
32,54,78,973
25,75,86,706
39,66,51,542
28,77,90,760
36,79,87,594
38,52,93,750
26,71,89,822
43,68,66,695
30,61,86,765
42,47,67,513
31,80,78,378
43,66,54,430
31,59,85,874
40,58,86,738
26,47,83,332
43,78,86,925
44,83,73,301
39,55,71,615
25,53,98,334
37,53,81,892
28,74,81,361
38,76,68,909
44,74,99,839
34,49,54,373
44,69,81,973
36,73,70,776
32,87,56,955
41,61,71,875
27,48,54,713
31,46,82,982
42,50,60,683
40,83,66,378
25,77,85,376
26,70,94,589
43,77,67,452
28,41,63,750
35,65,80,634
40,66,85,738
27,53,95,793
29,85,90,331
33,70,54,802
43,50,95,604
36,51,87,878
35,51,73,559
29,54,72,335
34,71,56,599
30,67,99,539
42,69,92,384
32,57,93,631
42,77,54,572
31,48,53,346
32,89,95,369
34,48,70,393
33,69,79,544
43,67,94,458
28,68,66,363
37,54,74,661
42,78,62,816
36,80,81,610
30,43,62,426
35,61,98,681
33,41,75,436
43,47,67,444
26,53,55,642
38,71,95,925
40,66,86,820
26,68,85,691
35,49,67,718
36,42,96,332
30,74,59,325
34,58,75,473
38,67,74,666
43,82,60,691
29,86,56,865
35,72,93,354
40,61,65,638
27,78,92,674
43,84,86,349
33,66,69,652
28,89,53,836
44,64,84,777
42,40,52,954
26,64,63,833
38,71,66,485
28,75,59,941
31,86,77,624
29,43,55,915
43,62,81,723
26,81,64,491
29,48,81,754
28,44,57,820
36,41,52,674
43,70,63,402
43,86,59,847
29,45,55,954
37,64,94,837
30,77,59,958
34,58,97,336
38,82,59,728
32,78,95,551
42,77,96,568
35,61,57,707
43,87,86,644
35,44,62,387
30,44,52,647
26,61,59,848
25,87,54,413
35,60,50,401
40,79,55,497
35,75,91,458
26,43,90,432
29,69,98,618
44,80,63,624
32,65,58,980
38,56,61,799
44,44,74,435
38,85,78,541
41,78,59,592
39,68,77,504
32,80,97,948
32,68,68,920
30,87,75,615
26,49,51,311
26,47,77,792
29,76,68,584
35,68,77,794
38,85,58,812
27,66,75,385
38,45,72,773
43,62,72,537
32,51,77,394
43,81,66,549
26,40,69,405
44,70,57,352
28,83,58,741
29,89,84,352
30,77,55,978
39,47,53,971
28,52,83,764
35,43,71,523
41,78,98,618
26,56,84,392
35,59,86,346
38,46,73,910
28,64,88,624
36,51,74,950
36,68,86,474
43,78,66,551
35,63,89,433
41,82,74,932
36,69,79,937
40,45,94,585
44,81,52,590
31,59,81,322
42,60,77,787
36,80,60,971
31,59,96,847
39,78,58,692
27,76,77,814
37,62,63,763
43,55,96,910
36,87,76,742
36,82,81,658
26,79,87,608
33,52,88,503
39,69,56,885
27,77,80,731
41,43,74,372
31,67,99,959
37,66,98,607
32,57,97,497
38,51,96,908
43,62,58,906
39,65,71,760
37,59,83,375
31,89,74,478
44,78,69,370
27,88,70,488
25,47,97,685
35,62,89,642
35,88,74,596
43,48,65,472
41,53,89,487
33,84,57,434
34,81,99,751
43,62,80,747
33,77,54,524
36,57,74,907
32,45,92,971
32,59,61,812
32,51,64,797
38,40,58,519
25,67,86,818
39,43,71,881
25,59,75,609
27,84,73,433
26,57,57,996
39,51,85,363
36,48,71,822
28,44,69,835
44,55,59,881
30,76,97,401
31,89,54,665
34,47,95,641
26,72,79,956
43,66,72,457
34,69,82,706
25,68,83,627
38,51,73,403
44,76,51,702
39,63,53,497
29,67,55,650
34,86,99,497
27,58,95,953
39,53,81,623
39,47,55,490
29,87,69,353
30,46,93,423
29,62,83,815
38,72,77,366
39,72,95,913
26,78,94,432
36,51,59,611
32,74,85,696
43,75,83,798
33,41,89,990
33,56,58,590
39,61,52,609
41,73,55,345
42,68,51,566
30,88,95,581
38,54,59,493
30,75,65,815
32,75,91,482
43,54,64,521
38,64,60,382
32,88,97,454
36,61,70,536
30,84,86,986
34,41,90,349
31,69,80,520
40,89,97,867
25,89,77,839
34,41,85,621
32,52,96,955
27,58,52,380
36,65,69,679
44,71,62,834
36,53,66,479
39,54,52,396
30,76,69,900
29,41,99,643
43,70,74,619
42,85,89,827
31,85,51,621
36,78,70,808
29,59,74,331
31,47,89,765
44,50,52,801
44,47,83,779
41,81,78,848
29,87,69,384
32,66,81,494
44,89,99,938
28,79,91,374
33,45,59,526
26,50,54,472
44,69,80,318
25,84,64,492
25,57,59,990
35,71,89,898
35,58,51,718
31,71,80,901
38,84,67,944
38,56,99,305
31,76,71,723
32,60,64,908
30,75,73,303
34,54,89,428
37,87,65,865
43,71,97,617
36,74,77,538
26,87,87,614
35,87,59,561
31,80,79,514
41,72,86,809
28,41,86,858
25,61,85,497
28,59,82,660
28,67,99,451
35,62,60,516
33,55,66,414
40,88,59,536
33,58,79,839
42,44,86,814
31,64,51,682
33,84,96,436
44,40,73,721
41,68,55,891
34,76,86,696
42,50,64,733
27,81,94,849
37,60,93,768
42,85,77,485
30,50,65,975
31,59,60,850
36,50,79,517
26,55,63,436
42,58,63,308
25,76,88,338
30,79,63,839
36,78,88,490
26,84,55,613
36,67,50,526
31,86,96,800
35,63,79,755
27,57,52,842
44,68,55,977
28,40,86,949
36,42,61,554
36,50,89,405
26,48,95,850
33,56,69,319
41,46,74,802
40,63,81,919
26,71,69,609
36,85,82,686
33,55,83,875
26,75,77,300
42,82,50,508
38,48,64,526
36,85,82,448
30,68,93,531
41,81,67,466
42,72,61,637
38,61,61,408
31,66,78,856
37,80,75,577
34,72,81,779
25,52,88,736
34,71,58,592
40,68,85,547
34,78,94,749
30,53,76,934
32,61,72,669
33,84,60,678
32,72,87,994
38,65,71,526
43,76,74,840
42,73,93,828
43,71,86,914
39,48,88,639
33,66,73,794
27,51,69,590
36,42,71,444
32,58,55,665
44,69,73,772
37,83,65,887
42,77,76,609
35,40,69,528
33,70,80,645
33,43,69,428
41,65,78,371
41,75,75,311
43,61,71,848
38,48,60,971
40,69,94,849
36,56,54,867
41,54,78,932
33,72,52,532
40,56,58,757
27,81,76,450
38,46,93,485
33,80,78,908
34,79,92,551
25,85,81,680
43,79,86,864
43,78,58,458
32,84,86,856
30,77,83,776
25,61,69,835
44,45,58,891
34,71,94,459
43,72,54,687
28,72,63,577
25,62,68,515
34,47,61,502
34,43,57,417
39,58,50,576
31,83,64,898
36,67,66,632
26,71,93,516
41,78,87,711
28,79,68,641
40,78,75,803
25,40,92,715
35,76,53,772
28,87,55,659
25,65,55,598
34,80,60,885
39,67,61,694
25,82,65,583
35,52,91,865
26,77,73,514
40,77,76,764
28,67,82,628
38,68,52,974
43,56,69,717
35,74,79,692
35,76,83,890
41,73,90,996
38,79,62,327
33,47,91,579
34,42,67,661
43,55,99,930
25,89,71,777
40,86,78,373
39,88,69,529
28,58,84,430
38,56,59,753
43,53,75,401
42,68,87,893
25,76,90,488
27,77,73,312
39,67,67,620
37,66,98,787
40,60,92,512
35,52,93,474
25,76,59,325
39,51,51,778
27,64,94,489
42,67,81,468
39,54,93,489
44,78,75,722
31,49,79,706
42,60,91,865
32,70,69,529
35,46,80,835
38,57,70,969
38,79,50,332
27,57,83,808
32,89,80,430
30,69,52,990
44,74,53,663
30,57,95,798
33,78,53,416
30,58,71,692
37,75,50,336
34,60,59,627
31,65,52,591
32,81,78,861
34,84,62,783
38,54,60,419
27,48,50,582
36,41,59,490
26,85,65,406
34,69,74,311
34,67,52,732
41,46,98,471
38,86,74,693
29,52,71,491
37,87,97,911
31,56,73,504
26,81,99,507
35,66,96,869
30,85,96,514
44,70,81,349
32,89,62,597
35,68,71,498
31,63,57,720
44,73,74,336
32,52,90,411
29,71,59,724
29,77,63,609
38,46,66,495
28,62,65,598
35,76,63,542
26,54,73,370
33,51,91,429
44,84,80,705
36,66,92,939
25,77,93,405
39,50,59,343
26,53,82,572
35,55,97,922
27,71,52,304
27,69,81,430
35,73,75,364
35,62,79,918
41,85,63,339
25,80,98,330
43,76,59,730
44,55,78,849
40,43,52,558
37,58,57,420
38,53,57,693
31,55,50,969
41,60,93,828
34,79,51,706
35,68,80,490
28,67,52,710
32,68,99,408
34,75,66,874
27,86,63,518
37,59,89,742
41,41,57,645
39,86,69,430
36,44,85,987
29,62,59,602
33,78,78,820
38,72,77,384
42,43,58,346
28,47,86,504
31,76,50,305
34,79,73,361
27,59,72,909
25,55,57,558
34,43,60,661
39,72,62,339
30,78,80,349
33,42,56,741
37,79,83,811
33,47,56,701
40,48,97,970
34,87,86,613
42,66,76,449
42,78,54,454
41,40,77,441
39,89,83,410
30,68,67,633
25,42,98,795
33,43,77,988
41,51,68,405
32,46,95,845
27,87,64,608
42,40,69,589
29,71,64,904
35,81,69,595
27,85,94,825
44,75,68,435
32,84,70,386
40,61,88,857
43,77,95,430
30,44,79,524
27,59,92,745
40,71,85,931
37,68,88,569
34,86,98,711
38,68,71,529
36,55,78,477
27,83,67,617
42,86,77,819
36,72,82,323
42,41,99,646
32,40,52,340
35,62,59,948
34,79,56,436
28,51,82,411
33,80,57,620
44,67,52,910
35,78,90,919
35,83,80,304
37,49,80,498
26,86,67,320
41,69,59,450
38,57,92,504
29,64,98,960
33,81,52,382
41,45,66,860
29,72,59,550
28,77,70,733
26,47,88,980
38,82,93,486
37,60,96,375
29,49,61,480
36,79,83,796
42,50,94,566
26,43,96,652
34,51,50,951
39,44,62,582
43,76,95,495
25,56,56,485
36,81,61,637
27,70,84,715
34,53,71,779
25,70,97,859
33,40,55,797
39,63,56,416
44,65,70,386
32,87,70,310
36,89,90,598
33,56,73,430
33,78,76,961
32,48,75,974
38,63,88,540
36,52,91,347
35,53,60,702
39,50,98,332
37,56,72,969
30,60,90,936
27,40,72,701
33,68,63,343
35,71,81,648
40,71,67,583
44,65,85,309
44,74,73,417
33,42,84,784
33,57,90,341
42,81,55,677
38,77,76,678
40,80,73,445
39,75,87,801
41,77,51,847
28,83,62,988
29,56,77,742
33,40,57,808
42,61,59,692
31,72,69,597
33,64,78,726
34,67,53,579
39,69,79,833
37,83,70,399
44,46,61,735
25,49,51,682
27,47,82,927
39,73,76,744
37,73,73,359
37,40,78,446
36,51,94,593
43,73,50,892
28,51,92,417
34,75,71,910
39,48,72,350
25,81,53,918
36,47,84,696
39,56,87,849
33,83,64,944
26,66,87,372
34,70,90,719
40,62,79,973
30,64,70,583
33,43,87,627
32,70,65,943
38,76,77,894
35,67,67,405
30,76,76,678
35,79,64,976
27,86,93,815
44,70,81,573
37,52,75,642
26,66,82,570
33,85,63,424
43,53,93,484
33,63,78,398
36,77,91,801
25,72,56,319
36,54,60,582
29,77,60,592
30,69,86,987
25,89,95,909
37,84,52,846
39,63,92,903
34,67,61,699
36,53,63,811
35,43,83,378
36,64,95,712
43,47,52,616
43,54,87,804
29,82,75,320
40,46,99,976
37,67,72,323
32,89,89,734
43,43,93,459
38,75,72,310
32,56,64,532
31,52,55,911
32,72,65,394
40,64,71,824
39,75,67,412
29,41,92,781
29,73,52,609
34,68,74,844
40,81,66,640
32,75,71,756
42,48,77,642
33,48,65,453
41,71,64,780
38,60,62,766
40,44,68,676
33,65,60,452
31,49,91,859
43,42,84,851
32,61,52,641
41,76,63,436
35,74,94,829
37,65,52,999
34,42,92,785
31,59,80,657
41,82,95,529
44,47,87,463
26,82,92,577
40,74,97,563
42,63,60,967
44,69,74,395
32,53,53,378
37,69,53,699
43,87,66,785
42,68,99,456
44,49,90,758
43,54,92,327
27,44,67,864
38,75,95,450
35,78,91,432
35,62,58,499
28,43,67,762
32,86,86,391
26,64,57,983
35,72,73,922
27,50,95,476
44,49,76,505
38,73,53,426
35,84,50,485
41,51,81,558
39,72,80,932
38,86,80,921
41,81,55,996
29,78,82,887
41,82,75,887
41,69,70,543
32,61,86,721
39,47,98,587
32,57,84,780
41,87,57,632
44,41,65,678
25,74,92,794
25,82,89,357
33,75,73,703
26,81,51,380
39,76,61,335
26,45,76,854
25,59,86,897
44,53,60,487
42,89,66,608
28,70,84,582
29,58,85,445
38,74,74,729
44,64,86,949
30,51,99,558
29,70,91,303
41,89,79,680
37,40,70,392
43,53,70,753
40,76,77,603
29,45,85,903
42,65,79,769
43,80,71,967
35,72,66,709
27,83,95,605
39,74,98,849
25,85,62,767
27,53,79,816
35,47,69,349
27,82,51,839
26,51,74,720
36,54,71,420
32,75,77,300
36,48,72,845
26,63,90,613
35,83,95,546
44,87,70,942
42,51,82,415
40,65,84,628
38,72,65,498
25,69,90,368
27,41,82,791
31,54,54,937
33,63,52,652
37,69,60,461
35,46,92,720
26,45,69,334
32,78,70,656
41,77,65,494
33,64,97,783
32,89,53,508
35,65,73,429
40,76,74,713
25,75,89,463
34,78,94,787
31,64,74,775
42,81,65,843
30,82,59,624
31,48,54,876
43,74,55,759
30,42,91,332
43,71,53,741
26,52,61,530
26,60,65,634
30,83,92,841
35,52,76,824
29,44,63,707
25,77,95,582
29,69,84,851
30,63,51,671
42,43,93,773
44,58,67,868
32,65,50,752
43,43,55,767
35,40,98,626
43,43,84,901
37,75,97,856
38,43,81,739
41,68,51,334
25,73,76,774
32,81,90,753
25,75,66,326
25,85,74,324
40,55,66,675
44,67,97,310
32,50,98,582
37,54,93,923
36,53,87,504
42,74,85,463
44,50,61,644
35,69,67,962
30,54,85,313
33,74,94,924
42,83,82,346
32,47,62,800
37,50,95,883
25,41,96,663
42,86,71,880
34,75,85,389
26,48,96,575
40,41,79,695
36,79,52,817
41,71,82,985
43,81,75,994
35,41,57,858
39,43,96,573
36,82,91,658
25,54,94,572
44,82,71,912
37,48,56,886
33,72,85,703
32,79,62,658
32,81,94,582
39,80,78,456
33,50,93,407
39,89,85,969
41,76,83,734
43,57,80,942
44,73,94,963
36,89,61,380
32,51,76,599
36,64,66,363
39,78,74,728
26,85,69,367
38,56,88,833
44,67,50,621
30,74,82,711
43,86,88,555
35,88,84,942
29,60,86,428
44,55,71,773
40,69,54,792
41,65,93,577
44,62,90,401
33,76,55,613
36,88,72,837
30,89,83,713
27,72,61,666
32,81,83,331
37,42,63,623
25,66,68,318
33,71,78,781
29,56,69,811
40,42,57,835
25,61,61,343
38,82,55,791
37,72,50,775
34,76,67,704
44,65,59,492
34,42,89,900
44,50,76,937
43,51,72,397
33,71,78,365
26,52,77,808
32,68,71,325
36,89,73,883
29,59,88,443
28,64,54,554
25,84,73,825
43,89,85,314
32,78,84,374
38,77,59,828
37,83,75,891
37,86,51,475
42,50,67,942
35,43,97,862
31,61,90,684
30,71,64,716
26,73,78,455
25,76,90,513
42,87,84,470
42,56,68,704
33,58,90,482
27,49,64,622
39,40,90,379
28,66,97,873
39,84,74,391
29,51,58,472
31,70,91,905
29,50,63,495
25,68,92,318
34,65,90,608
42,54,56,991
42,48,98,930
41,71,89,317
38,69,81,493
38,52,76,305
41,87,98,686
32,52,52,569
40,62,54,337
29,56,82,617
42,83,50,795
31,75,80,924
36,72,98,505
34,71,61,344
27,87,53,904
29,76,97,856
44,84,96,955
34,41,69,611
32,45,72,945
34,80,97,710
39,77,55,844
39,44,80,354
42,85,75,851
33,68,93,854
37,56,77,691
39,61,59,589
35,78,63,525
26,85,77,861
42,66,65,761
29,51,62,575
31,52,93,696
44,47,97,468
40,46,66,522
42,66,66,514
32,58,90,967
42,57,54,550
33,80,89,479
30,88,56,462
26,62,88,473
33,66,94,843
32,55,51,959
30,71,64,808
42,70,73,739
38,77,62,541
25,42,96,987
34,79,94,504
35,53,79,926
29,76,69,535
41,66,75,968
37,67,82,542
28,82,69,884
33,54,76,470
27,64,63,608
40,76,57,715
29,66,88,744
44,50,88,387
40,70,55,793
26,51,79,621
37,81,51,451
41,68,86,802
27,59,60,704
38,64,63,881
44,41,67,848
39,62,89,860
44,53,70,742
36,48,83,971
30,44,52,976
25,61,84,534
39,42,90,501
37,70,84,623
33,66,78,519
29,77,75,581
33,75,84,570
38,52,93,860
34,75,51,898
41,53,71,829
36,66,83,970
35,41,82,535
38,82,68,353
33,86,97,347
37,53,96,876
29,75,70,306
26,43,55,579
40,64,96,829
25,80,61,615
38,83,57,578
34,41,93,950
42,60,57,682
30,50,50,471
34,42,89,414
33,46,79,544
40,77,78,520
26,43,60,842
39,56,97,422
31,43,72,929
36,52,59,587
27,45,52,304
43,79,54,999
25,48,86,807
26,88,59,527
34,64,96,368
40,81,56,432
26,62,93,675
42,62,86,763
27,50,84,304
43,47,74,375
36,54,91,888
34,53,66,923
28,74,70,575
42,45,91,723
42,46,72,444
37,64,57,817
35,83,61,781
38,44,76,825
35,61,74,307
32,81,86,527
37,70,71,605
31,42,99,984
43,87,54,833
25,68,61,937
25,72,84,309
39,76,54,684
43,54,87,857
41,65,79,763
38,79,96,649
43,43,67,465
35,70,64,921
42,50,63,662
43,81,59,983
26,66,78,401
26,80,89,657
26,87,73,666
31,89,76,588
33,65,65,509
29,69,78,857
38,72,85,530
40,44,82,453
25,66,82,364
30,64,74,627
27,82,97,824
33,44,85,365
33,78,54,567
37,56,86,605
43,62,55,442
38,88,98,573
25,54,68,629
36,73,96,722
39,76,79,484
27,67,79,574
39,71,62,717
35,49,50,345
43,45,87,949
43,87,80,551
35,85,76,695
26,68,59,356
35,44,77,760
36,78,59,421
30,47,89,816
36,46,68,851
35,40,56,654
41,54,94,844
28,86,68,745
43,64,67,447
43,51,86,511
39,43,79,327
31,57,78,846
31,68,92,778
41,46,62,429
39,77,86,569
26,52,52,440
37,83,58,659
32,84,82,887
28,61,74,332
36,45,89,662
28,44,78,720
37,85,78,675
41,50,58,442
41,83,50,654
39,58,94,453
41,44,92,376
31,40,82,582
39,48,89,797
32,43,98,656
30,51,76,366
38,64,81,954
30,60,82,735
40,85,77,563
34,71,80,609
29,80,95,620
38,80,62,397
33,43,61,891
36,87,87,776
28,66,53,975
39,70,54,887
29,87,61,716
40,65,92,805
31,66,70,652
35,83,59,415
44,53,51,872
26,63,54,891
44,88,97,803
26,66,63,774
43,40,66,955
38,43,98,326
38,87,90,348
31,51,73,416
42,81,87,784
36,79,69,353
28,62,97,557
37,67,54,777
37,87,76,758
25,54,72,488
38,64,95,622
38,79,87,862
31,80,98,411
28,45,80,363
39,79,67,329
39,51,90,545
38,83,66,891
38,89,92,806
37,82,71,483
31,83,79,936
38,44,83,842
34,73,54,750
25,55,95,420
28,67,87,737
39,42,57,487
26,65,52,495
25,77,94,441
40,72,87,441
35,44,87,856
28,75,75,823
41,62,76,817
27,51,80,529
38,65,69,984
33,76,74,834
26,88,88,691
32,89,88,882
27,48,78,458
28,49,78,707
43,52,61,657
38,74,65,831
37,66,78,961
38,61,91,791
43,79,63,858
39,63,92,377
30,83,59,459
30,80,92,411
44,86,89,391
39,45,62,974
41,59,87,610
32,40,84,428
40,55,71,897
26,82,98,833
38,79,50,998
35,79,80,825
27,88,82,558
40,74,50,701
33,44,60,441
41,85,63,789
35,59,98,731
26,64,85,821
26,41,65,734
43,78,73,982
32,82,84,358
40,86,98,889
43,81,65,324
43,81,54,489
27,82,87,541
30,87,74,709
30,53,82,457
29,57,98,403
42,40,97,431
40,70,79,908
44,83,65,560
37,61,87,833
41,46,50,741
31,49,94,755
32,87,64,814
32,40,80,793
39,42,73,847
41,57,55,625
32,69,92,532
34,64,71,983
30,80,95,635
42,69,94,732
44,52,58,604
32,54,89,359
42,41,50,458
32,60,97,884
33,44,92,535
25,55,51,866
38,42,60,877
44,52,77,850
38,66,77,791
30,52,84,639
43,69,75,894
35,89,52,798
42,78,51,756
34,73,62,396
38,43,50,753
35,71,93,737
33,79,93,744
29,80,61,755
38,63,80,334
32,45,57,451
35,81,52,840
26,78,71,303
27,53,90,721
27,80,82,827
36,63,55,396
36,77,66,411
28,68,51,833
38,60,73,356
27,67,85,783
39,47,82,492
41,74,56,690
27,59,88,789
43,80,82,367
30,59,95,475
43,70,71,938
31,82,58,458
25,60,54,927
25,58,97,858
30,51,87,914
43,40,93,812
31,58,70,963
37,83,71,766
35,86,53,513
42,86,65,686
36,64,55,476
43,75,86,828
34,58,57,441
26,66,53,339
28,66,99,598
36,88,90,983
34,48,60,782
32,50,93,729
26,61,75,655
43,88,51,438
33,82,57,927
36,67,69,700
28,87,75,389
33,86,56,565
31,84,56,607
26,64,60,574
33,51,81,339
28,67,99,952
29,89,70,784
44,77,94,611
37,65,90,952
27,55,69,825
38,69,53,474
25,55,77,956
44,73,67,809
43,73,92,573
31,54,83,489
